노래,가수,이미지,링크
오늘부터 우리는 (Me Gustas Tu),여자친구 (GFRIEND),https://cdnimg.melon.co.kr/cm/album/images/023/30/981/2330981_500.jpg,https://www.melon.com/album/detail.htm?albumId=2330981
미리 메리 크리스마스 (Feat. 천둥 Of MBLAQ),아이유,https://cdnimg.melon.co.kr/cm/album/images/010/93/562/1093562_500.jpg,https://www.melon.com/album/detail.htm?albumId=1093562
스물셋,아이유,https://cdnimg.melon.co.kr/cm/album/images/026/46/282/2646282_500.jpg,https://www.melon.com/album/detail.htm?albumId=2646282
좋은 날,아이유,https://cdnimg.melon.co.kr/cm/album/images/010/93/562/1093562_500.jpg,https://www.melon.com/album/detail.htm?albumId=1093562
너랑 나,아이유,https://cdnimg.melon.co.kr/cm/album/images/020/40/666/2040666_500.jpg,https://www.melon.com/album/detail.htm?albumId=2040666
SHAKE IT,씨스타,https://cdnimg.melon.co.kr/cm/album/images/023/25/345/2325345_500.jpg,https://www.melon.com/album/detail.htm?albumId=2325345
비행기,거북이,https://cdnimg.melon.co.kr/cm/album/images/003/22/845/322845_500.jpg/,https://www.melon.com/album/detail.htm?albumId=322845
거짓말 (Remix),BIGBANG,https://cdnimg.melon.co.kr/cm/album/images/004/05/351/405351_500.jpg/,https://www.melon.com/album/detail.htm?albumId=405351
하루 끝,아이유,https://cdnimg.melon.co.kr/cm/album/images/021/21/646/2121646_500.jpg,https://www.melon.com/album/detail.htm?albumId=2121646
음오아예 (Um Oh Ah Yeh),마마무 (Mamamoo),https://cdnimg.melon.co.kr/cm/album/images/023/24/685/2324685_500.jpg,https://www.melon.com/album/detail.htm?albumId=2324685
심쿵해 (Heart Attack),AOA,https://cdnimg.melon.co.kr/cm/album/images/023/25/321/2325321_500.jpg,https://www.melon.com/album/detail.htm?albumId=2325321
I Don't Care,2NE1,https://cdnimg.melon.co.kr/cm/album/images/005/98/055/598055_500.jpg/,https://www.melon.com/album/detail.htm?albumId=598055
FANTASTIC BABY,BIGBANG,https://cdnimg.melon.co.kr/cm/album/images/020/84/128/2084128_500.jpg,https://www.melon.com/album/detail.htm?albumId=2084128
Touch My Body,씨스타,https://cdnimg.melon.co.kr/cm/album/images/022/68/221/2268221_500.jpg,https://www.melon.com/album/detail.htm?albumId=2268221
Mr. Chu (On Stage),Apink (에이핑크),https://cdnimg.melon.co.kr/cm/album/images/022/46/854/2246854_500.jpg,https://www.melon.com/album/detail.htm?albumId=2246854
잘못된 만남,김건모,https://cdnimg.melon.co.kr/cm/album/images/000/03/707/3707_500.jpg/me,https://www.melon.com/album/detail.htm?albumId=3707
Loving U (러빙유),씨스타,https://cdnimg.melon.co.kr/cm/album/images/021/31/509/2131509_500.jpg,https://www.melon.com/album/detail.htm?albumId=2131509
8282,다비치,https://cdnimg.melon.co.kr/cm/album/images/005/08/460/508460_500.jpg/,https://www.melon.com/album/detail.htm?albumId=508460
HER,블락비 (Block B),https://cdnimg.melon.co.kr/cm/album/images/022/50/057/2250057_500.jpg,https://www.melon.com/album/detail.htm?albumId=2250057
마지막 인사 (Remix),BIGBANG,https://cdnimg.melon.co.kr/cm/album/images/004/05/351/405351_500.jpg/,https://www.melon.com/album/detail.htm?albumId=405351
Ice Cream Cake,Red Velvet (레드벨벳),https://cdnimg.melon.co.kr/cm/album/images/023/09/156/2309156_500.jpg,https://www.melon.com/album/detail.htm?albumId=2309156
분홍신,아이유,https://cdnimg.melon.co.kr/cm/album/images/022/08/448/2208448_500.jpg,https://www.melon.com/album/detail.htm?albumId=2208448
다시 만난 세계 (Into The New World),소녀시대 (GIRLS' GENERATION),https://cdnimg.melon.co.kr/cm/album/images/003/60/075/360075_500.jpg/,https://www.melon.com/album/detail.htm?albumId=360075
Dumb Dumb,Red Velvet (레드벨벳),https://cdnimg.melon.co.kr/cm/album/images/026/39/273/2639273_500.jpg,https://www.melon.com/album/detail.htm?albumId=2639273
Bus 안에서,자자 (ZAZA),https://cdnimg.melon.co.kr/cm/album/images/000/05/457/5457_500.jpg/me,https://www.melon.com/album/detail.htm?albumId=5457
순정 (純情),코요태,https://cdnimg.melon.co.kr/cm/album/images/000/04/936/4936_500.jpg/me,https://www.melon.com/album/detail.htm?albumId=4936
보여줄게,에일리(AILEE),https://cdnimg.melon.co.kr/cm/album/images/021/53/251/2153251_500.jpg,https://www.melon.com/album/detail.htm?albumId=2153251
커플,젝스키스,https://cdnimg.melon.co.kr/cm/album/images/000/05/360/5360_500.jpg/me,https://www.melon.com/album/detail.htm?albumId=5360
PARTY,소녀시대 (GIRLS' GENERATION),https://cdnimg.melon.co.kr/cm/album/images/023/35/204/2335204_500.jpg,https://www.melon.com/album/detail.htm?albumId=2335204
Gee,소녀시대 (GIRLS' GENERATION),https://cdnimg.melon.co.kr/cm/album/images/007/79/656/779656_500.jpg/,https://www.melon.com/album/detail.htm?albumId=779656
으르렁 (Growl),EXO,https://cdnimg.melon.co.kr/cm/album/images/021/95/303/2195303_500.jpg,https://www.melon.com/album/detail.htm?albumId=2195303
아틀란티스 소녀 (Atlantis Princess),보아 (BoA),https://cdnimg.melon.co.kr/cm2/album/images/000/40/234/40234_20210323,https://www.melon.com/album/detail.htm?albumId=40234
사랑과 전쟁 (Narr. 하하),다비치,https://cdnimg.melon.co.kr/cm/album/images/003/88/456/388456_500.jpg/,https://www.melon.com/album/detail.htm?albumId=388456
Candy,H.O.T.,https://cdnimg.melon.co.kr/cm/album/images/000/05/280/5280_500.jpg/me,https://www.melon.com/album/detail.htm?albumId=5280
파도,유엔,https://cdnimg.melon.co.kr/cm/album/images/000/33/475/33475_500.jpg/m,https://www.melon.com/album/detail.htm?albumId=33475
붉은 노을,BIGBANG,https://cdnimg.melon.co.kr/cm/album/images/004/05/351/405351_500.jpg/,https://www.melon.com/album/detail.htm?albumId=405351
T.T.L (Time To Love),티아라,https://cdnimg.melon.co.kr/cm/album/images/007/27/252/727252_500.jpg/,https://www.melon.com/album/detail.htm?albumId=727252
Go Away,2NE1,https://cdnimg.melon.co.kr/cm/album/images/010/17/253/1017253_500.jpg,https://www.melon.com/album/detail.htm?albumId=1017253
Bad Girl Good Girl,미쓰에이,https://cdnimg.melon.co.kr/cm/album/images/013/39/951/1339951_500.jpg,https://www.melon.com/album/detail.htm?albumId=1339951
나팔바지,싸이 (PSY),https://cdnimg.melon.co.kr/cm/album/images/026/53/861/2653861_500.jpg,https://www.melon.com/album/detail.htm?albumId=2653861
LOVE ME RIGHT,EXO,https://cdnimg.melon.co.kr/cm/album/images/023/21/827/2321827_500.jpg,https://www.melon.com/album/detail.htm?albumId=2321827
빙고 (아싸),거북이,https://cdnimg.melon.co.kr/cm/album/images/000/43/466/43466_500.jpg/m,https://www.melon.com/album/detail.htm?albumId=43466
애타는 마음,"울랄라세션, 아이유",https://cdnimg.melon.co.kr/cm/album/images/022/63/452/2263452_500.jpg,https://www.melon.com/album/detail.htm?albumId=2263452
촛불하나,god,https://cdnimg.melon.co.kr/cm/album/images/000/00/717/717_500.jpg/mel,https://www.melon.com/album/detail.htm?albumId=717
레옹,"이유 갓지(GOD G) 않은 이유 (박명수, 아이유)",https://cdnimg.melon.co.kr/cm/album/images/023/35/950/2335950_500.jpg,https://www.melon.com/album/detail.htm?albumId=2335950
So Cool (쏘쿨),씨스타,https://cdnimg.melon.co.kr/cm/album/images/020/06/957/2006957_500.jpg,https://www.melon.com/album/detail.htm?albumId=2006957
위아래,EXID,https://cdnimg.melon.co.kr/cm/album/images/023/13/635/2313635_500.jpg,https://www.melon.com/album/detail.htm?albumId=2313635
3!4!,룰라,https://cdnimg.melon.co.kr/cm/album/images/000/05/349/5349_500.jpg/me,https://www.melon.com/album/detail.htm?albumId=5349
주문-MIROTIC (Clean Ver.),동방신기 (TVXQ!),https://cdnimg.melon.co.kr/cm/album/images/003/97/972/397972_500.jpg/,https://www.melon.com/album/detail.htm?albumId=397972
오늘부터 우리는 (Me Gustas Tu),여자친구 (GFRIEND),https://cdnimg.melon.co.kr/cm/album/images/023/30/981/2330981_500.jpg,https://www.melon.com/album/detail.htm?albumId=2330981
미리 메리 크리스마스 (Feat. 천둥 Of MBLAQ),아이유,https://cdnimg.melon.co.kr/cm/album/images/010/93/562/1093562_500.jpg,https://www.melon.com/album/detail.htm?albumId=1093562
스물셋,아이유,https://cdnimg.melon.co.kr/cm/album/images/026/46/282/2646282_500.jpg,https://www.melon.com/album/detail.htm?albumId=2646282
좋은 날,아이유,https://cdnimg.melon.co.kr/cm/album/images/010/93/562/1093562_500.jpg,https://www.melon.com/album/detail.htm?albumId=1093562
너랑 나,아이유,https://cdnimg.melon.co.kr/cm/album/images/020/40/666/2040666_500.jpg,https://www.melon.com/album/detail.htm?albumId=2040666
SHAKE IT,씨스타,https://cdnimg.melon.co.kr/cm/album/images/023/25/345/2325345_500.jpg,https://www.melon.com/album/detail.htm?albumId=2325345
비행기,거북이,https://cdnimg.melon.co.kr/cm/album/images/003/22/845/322845_500.jpg/,https://www.melon.com/album/detail.htm?albumId=322845
거짓말 (Remix),BIGBANG,https://cdnimg.melon.co.kr/cm/album/images/004/05/351/405351_500.jpg/,https://www.melon.com/album/detail.htm?albumId=405351
하루 끝,아이유,https://cdnimg.melon.co.kr/cm/album/images/021/21/646/2121646_500.jpg,https://www.melon.com/album/detail.htm?albumId=2121646
음오아예 (Um Oh Ah Yeh),마마무 (Mamamoo),https://cdnimg.melon.co.kr/cm/album/images/023/24/685/2324685_500.jpg,https://www.melon.com/album/detail.htm?albumId=2324685
심쿵해 (Heart Attack),AOA,https://cdnimg.melon.co.kr/cm/album/images/023/25/321/2325321_500.jpg,https://www.melon.com/album/detail.htm?albumId=2325321
I Don't Care,2NE1,https://cdnimg.melon.co.kr/cm/album/images/005/98/055/598055_500.jpg/,https://www.melon.com/album/detail.htm?albumId=598055
FANTASTIC BABY,BIGBANG,https://cdnimg.melon.co.kr/cm/album/images/020/84/128/2084128_500.jpg,https://www.melon.com/album/detail.htm?albumId=2084128
Touch My Body,씨스타,https://cdnimg.melon.co.kr/cm/album/images/022/68/221/2268221_500.jpg,https://www.melon.com/album/detail.htm?albumId=2268221
Mr. Chu (On Stage),Apink (에이핑크),https://cdnimg.melon.co.kr/cm/album/images/022/46/854/2246854_500.jpg,https://www.melon.com/album/detail.htm?albumId=2246854
잘못된 만남,김건모,https://cdnimg.melon.co.kr/cm/album/images/000/03/707/3707_500.jpg/me,https://www.melon.com/album/detail.htm?albumId=3707
Loving U (러빙유),씨스타,https://cdnimg.melon.co.kr/cm/album/images/021/31/509/2131509_500.jpg,https://www.melon.com/album/detail.htm?albumId=2131509
8282,다비치,https://cdnimg.melon.co.kr/cm/album/images/005/08/460/508460_500.jpg/,https://www.melon.com/album/detail.htm?albumId=508460
HER,블락비 (Block B),https://cdnimg.melon.co.kr/cm/album/images/022/50/057/2250057_500.jpg,https://www.melon.com/album/detail.htm?albumId=2250057
마지막 인사 (Remix),BIGBANG,https://cdnimg.melon.co.kr/cm/album/images/004/05/351/405351_500.jpg/,https://www.melon.com/album/detail.htm?albumId=405351
Ice Cream Cake,Red Velvet (레드벨벳),https://cdnimg.melon.co.kr/cm/album/images/023/09/156/2309156_500.jpg,https://www.melon.com/album/detail.htm?albumId=2309156
분홍신,아이유,https://cdnimg.melon.co.kr/cm/album/images/022/08/448/2208448_500.jpg,https://www.melon.com/album/detail.htm?albumId=2208448
다시 만난 세계 (Into The New World),소녀시대 (GIRLS' GENERATION),https://cdnimg.melon.co.kr/cm/album/images/003/60/075/360075_500.jpg/,https://www.melon.com/album/detail.htm?albumId=360075
Dumb Dumb,Red Velvet (레드벨벳),https://cdnimg.melon.co.kr/cm/album/images/026/39/273/2639273_500.jpg,https://www.melon.com/album/detail.htm?albumId=2639273
Bus 안에서,자자 (ZAZA),https://cdnimg.melon.co.kr/cm/album/images/000/05/457/5457_500.jpg/me,https://www.melon.com/album/detail.htm?albumId=5457
순정 (純情),코요태,https://cdnimg.melon.co.kr/cm/album/images/000/04/936/4936_500.jpg/me,https://www.melon.com/album/detail.htm?albumId=4936
보여줄게,에일리(AILEE),https://cdnimg.melon.co.kr/cm/album/images/021/53/251/2153251_500.jpg,https://www.melon.com/album/detail.htm?albumId=2153251
커플,젝스키스,https://cdnimg.melon.co.kr/cm/album/images/000/05/360/5360_500.jpg/me,https://www.melon.com/album/detail.htm?albumId=5360
PARTY,소녀시대 (GIRLS' GENERATION),https://cdnimg.melon.co.kr/cm/album/images/023/35/204/2335204_500.jpg,https://www.melon.com/album/detail.htm?albumId=2335204
Gee,소녀시대 (GIRLS' GENERATION),https://cdnimg.melon.co.kr/cm/album/images/007/79/656/779656_500.jpg/,https://www.melon.com/album/detail.htm?albumId=779656
으르렁 (Growl),EXO,https://cdnimg.melon.co.kr/cm/album/images/021/95/303/2195303_500.jpg,https://www.melon.com/album/detail.htm?albumId=2195303
아틀란티스 소녀 (Atlantis Princess),보아 (BoA),https://cdnimg.melon.co.kr/cm2/album/images/000/40/234/40234_20210323,https://www.melon.com/album/detail.htm?albumId=40234
사랑과 전쟁 (Narr. 하하),다비치,https://cdnimg.melon.co.kr/cm/album/images/003/88/456/388456_500.jpg/,https://www.melon.com/album/detail.htm?albumId=388456
Candy,H.O.T.,https://cdnimg.melon.co.kr/cm/album/images/000/05/280/5280_500.jpg/me,https://www.melon.com/album/detail.htm?albumId=5280
파도,유엔,https://cdnimg.melon.co.kr/cm/album/images/000/33/475/33475_500.jpg/m,https://www.melon.com/album/detail.htm?albumId=33475
붉은 노을,BIGBANG,https://cdnimg.melon.co.kr/cm/album/images/004/05/351/405351_500.jpg/,https://www.melon.com/album/detail.htm?albumId=405351
T.T.L (Time To Love),티아라,https://cdnimg.melon.co.kr/cm/album/images/007/27/252/727252_500.jpg/,https://www.melon.com/album/detail.htm?albumId=727252
Go Away,2NE1,https://cdnimg.melon.co.kr/cm/album/images/010/17/253/1017253_500.jpg,https://www.melon.com/album/detail.htm?albumId=1017253
Bad Girl Good Girl,미쓰에이,https://cdnimg.melon.co.kr/cm/album/images/013/39/951/1339951_500.jpg,https://www.melon.com/album/detail.htm?albumId=1339951
나팔바지,싸이 (PSY),https://cdnimg.melon.co.kr/cm/album/images/026/53/861/2653861_500.jpg,https://www.melon.com/album/detail.htm?albumId=2653861
LOVE ME RIGHT,EXO,https://cdnimg.melon.co.kr/cm/album/images/023/21/827/2321827_500.jpg,https://www.melon.com/album/detail.htm?albumId=2321827
빙고 (아싸),거북이,https://cdnimg.melon.co.kr/cm/album/images/000/43/466/43466_500.jpg/m,https://www.melon.com/album/detail.htm?albumId=43466
애타는 마음,"울랄라세션, 아이유",https://cdnimg.melon.co.kr/cm/album/images/022/63/452/2263452_500.jpg,https://www.melon.com/album/detail.htm?albumId=2263452
촛불하나,god,https://cdnimg.melon.co.kr/cm/album/images/000/00/717/717_500.jpg/mel,https://www.melon.com/album/detail.htm?albumId=717
레옹,"이유 갓지(GOD G) 않은 이유 (박명수, 아이유)",https://cdnimg.melon.co.kr/cm/album/images/023/35/950/2335950_500.jpg,https://www.melon.com/album/detail.htm?albumId=2335950
So Cool (쏘쿨),씨스타,https://cdnimg.melon.co.kr/cm/album/images/020/06/957/2006957_500.jpg,https://www.melon.com/album/detail.htm?albumId=2006957
위아래,EXID,https://cdnimg.melon.co.kr/cm/album/images/023/13/635/2313635_500.jpg,https://www.melon.com/album/detail.htm?albumId=2313635
3!4!,룰라,https://cdnimg.melon.co.kr/cm/album/images/000/05/349/5349_500.jpg/me,https://www.melon.com/album/detail.htm?albumId=5349
주문-MIROTIC (Clean Ver.),동방신기 (TVXQ!),https://cdnimg.melon.co.kr/cm/album/images/003/97/972/397972_500.jpg/,https://www.melon.com/album/detail.htm?albumId=397972
OOH-AHH하게,TWICE (트와이스),https://cdnimg.melon.co.kr/cm/album/images/026/45/617/2645617_500.jpg,https://www.melon.com/album/detail.htm?albumId=2645617
오늘부터 우리는 (Me Gustas Tu),여자친구 (GFRIEND),https://cdnimg.melon.co.kr/cm/album/images/023/30/981/2330981_500.jpg,https://www.melon.com/album/detail.htm?albumId=2330981
미리 메리 크리스마스 (Feat. 천둥 Of MBLAQ),아이유,https://cdnimg.melon.co.kr/cm/album/images/010/93/562/1093562_500.jpg,https://www.melon.com/album/detail.htm?albumId=1093562
스물셋,아이유,https://cdnimg.melon.co.kr/cm/album/images/026/46/282/2646282_500.jpg,https://www.melon.com/album/detail.htm?albumId=2646282
좋은 날,아이유,https://cdnimg.melon.co.kr/cm/album/images/010/93/562/1093562_500.jpg,https://www.melon.com/album/detail.htm?albumId=1093562
너랑 나,아이유,https://cdnimg.melon.co.kr/cm/album/images/020/40/666/2040666_500.jpg,https://www.melon.com/album/detail.htm?albumId=2040666
SHAKE IT,씨스타,https://cdnimg.melon.co.kr/cm/album/images/023/25/345/2325345_500.jpg,https://www.melon.com/album/detail.htm?albumId=2325345
비행기,거북이,https://cdnimg.melon.co.kr/cm/album/images/003/22/845/322845_500.jpg/,https://www.melon.com/album/detail.htm?albumId=322845
거짓말 (Remix),BIGBANG,https://cdnimg.melon.co.kr/cm/album/images/004/05/351/405351_500.jpg/,https://www.melon.com/album/detail.htm?albumId=405351
하루 끝,아이유,https://cdnimg.melon.co.kr/cm/album/images/021/21/646/2121646_500.jpg,https://www.melon.com/album/detail.htm?albumId=2121646
음오아예 (Um Oh Ah Yeh),마마무 (Mamamoo),https://cdnimg.melon.co.kr/cm/album/images/023/24/685/2324685_500.jpg,https://www.melon.com/album/detail.htm?albumId=2324685
심쿵해 (Heart Attack),AOA,https://cdnimg.melon.co.kr/cm/album/images/023/25/321/2325321_500.jpg,https://www.melon.com/album/detail.htm?albumId=2325321
I Don't Care,2NE1,https://cdnimg.melon.co.kr/cm/album/images/005/98/055/598055_500.jpg/,https://www.melon.com/album/detail.htm?albumId=598055
FANTASTIC BABY,BIGBANG,https://cdnimg.melon.co.kr/cm/album/images/020/84/128/2084128_500.jpg,https://www.melon.com/album/detail.htm?albumId=2084128
Touch My Body,씨스타,https://cdnimg.melon.co.kr/cm/album/images/022/68/221/2268221_500.jpg,https://www.melon.com/album/detail.htm?albumId=2268221
Mr. Chu (On Stage),Apink (에이핑크),https://cdnimg.melon.co.kr/cm/album/images/022/46/854/2246854_500.jpg,https://www.melon.com/album/detail.htm?albumId=2246854
잘못된 만남,김건모,https://cdnimg.melon.co.kr/cm/album/images/000/03/707/3707_500.jpg/me,https://www.melon.com/album/detail.htm?albumId=3707
Loving U (러빙유),씨스타,https://cdnimg.melon.co.kr/cm/album/images/021/31/509/2131509_500.jpg,https://www.melon.com/album/detail.htm?albumId=2131509
8282,다비치,https://cdnimg.melon.co.kr/cm/album/images/005/08/460/508460_500.jpg/,https://www.melon.com/album/detail.htm?albumId=508460
HER,블락비 (Block B),https://cdnimg.melon.co.kr/cm/album/images/022/50/057/2250057_500.jpg,https://www.melon.com/album/detail.htm?albumId=2250057
마지막 인사 (Remix),BIGBANG,https://cdnimg.melon.co.kr/cm/album/images/004/05/351/405351_500.jpg/,https://www.melon.com/album/detail.htm?albumId=405351
Ice Cream Cake,Red Velvet (레드벨벳),https://cdnimg.melon.co.kr/cm/album/images/023/09/156/2309156_500.jpg,https://www.melon.com/album/detail.htm?albumId=2309156
분홍신,아이유,https://cdnimg.melon.co.kr/cm/album/images/022/08/448/2208448_500.jpg,https://www.melon.com/album/detail.htm?albumId=2208448
다시 만난 세계 (Into The New World),소녀시대 (GIRLS' GENERATION),https://cdnimg.melon.co.kr/cm/album/images/003/60/075/360075_500.jpg/,https://www.melon.com/album/detail.htm?albumId=360075
Dumb Dumb,Red Velvet (레드벨벳),https://cdnimg.melon.co.kr/cm/album/images/026/39/273/2639273_500.jpg,https://www.melon.com/album/detail.htm?albumId=2639273
Bus 안에서,자자 (ZAZA),https://cdnimg.melon.co.kr/cm/album/images/000/05/457/5457_500.jpg/me,https://www.melon.com/album/detail.htm?albumId=5457
순정 (純情),코요태,https://cdnimg.melon.co.kr/cm/album/images/000/04/936/4936_500.jpg/me,https://www.melon.com/album/detail.htm?albumId=4936
보여줄게,에일리(AILEE),https://cdnimg.melon.co.kr/cm/album/images/021/53/251/2153251_500.jpg,https://www.melon.com/album/detail.htm?albumId=2153251
커플,젝스키스,https://cdnimg.melon.co.kr/cm/album/images/000/05/360/5360_500.jpg/me,https://www.melon.com/album/detail.htm?albumId=5360
PARTY,소녀시대 (GIRLS' GENERATION),https://cdnimg.melon.co.kr/cm/album/images/023/35/204/2335204_500.jpg,https://www.melon.com/album/detail.htm?albumId=2335204
Gee,소녀시대 (GIRLS' GENERATION),https://cdnimg.melon.co.kr/cm/album/images/007/79/656/779656_500.jpg/,https://www.melon.com/album/detail.htm?albumId=779656
으르렁 (Growl),EXO,https://cdnimg.melon.co.kr/cm/album/images/021/95/303/2195303_500.jpg,https://www.melon.com/album/detail.htm?albumId=2195303
아틀란티스 소녀 (Atlantis Princess),보아 (BoA),https://cdnimg.melon.co.kr/cm2/album/images/000/40/234/40234_20210323,https://www.melon.com/album/detail.htm?albumId=40234
사랑과 전쟁 (Narr. 하하),다비치,https://cdnimg.melon.co.kr/cm/album/images/003/88/456/388456_500.jpg/,https://www.melon.com/album/detail.htm?albumId=388456
Candy,H.O.T.,https://cdnimg.melon.co.kr/cm/album/images/000/05/280/5280_500.jpg/me,https://www.melon.com/album/detail.htm?albumId=5280
파도,유엔,https://cdnimg.melon.co.kr/cm/album/images/000/33/475/33475_500.jpg/m,https://www.melon.com/album/detail.htm?albumId=33475
붉은 노을,BIGBANG,https://cdnimg.melon.co.kr/cm/album/images/004/05/351/405351_500.jpg/,https://www.melon.com/album/detail.htm?albumId=405351
T.T.L (Time To Love),티아라,https://cdnimg.melon.co.kr/cm/album/images/007/27/252/727252_500.jpg/,https://www.melon.com/album/detail.htm?albumId=727252
Go Away,2NE1,https://cdnimg.melon.co.kr/cm/album/images/010/17/253/1017253_500.jpg,https://www.melon.com/album/detail.htm?albumId=1017253
Bad Girl Good Girl,미쓰에이,https://cdnimg.melon.co.kr/cm/album/images/013/39/951/1339951_500.jpg,https://www.melon.com/album/detail.htm?albumId=1339951
나팔바지,싸이 (PSY),https://cdnimg.melon.co.kr/cm/album/images/026/53/861/2653861_500.jpg,https://www.melon.com/album/detail.htm?albumId=2653861
LOVE ME RIGHT,EXO,https://cdnimg.melon.co.kr/cm/album/images/023/21/827/2321827_500.jpg,https://www.melon.com/album/detail.htm?albumId=2321827
빙고 (아싸),거북이,https://cdnimg.melon.co.kr/cm/album/images/000/43/466/43466_500.jpg/m,https://www.melon.com/album/detail.htm?albumId=43466
애타는 마음,"울랄라세션, 아이유",https://cdnimg.melon.co.kr/cm/album/images/022/63/452/2263452_500.jpg,https://www.melon.com/album/detail.htm?albumId=2263452
촛불하나,god,https://cdnimg.melon.co.kr/cm/album/images/000/00/717/717_500.jpg/mel,https://www.melon.com/album/detail.htm?albumId=717
레옹,"이유 갓지(GOD G) 않은 이유 (박명수, 아이유)",https://cdnimg.melon.co.kr/cm/album/images/023/35/950/2335950_500.jpg,https://www.melon.com/album/detail.htm?albumId=2335950
So Cool (쏘쿨),씨스타,https://cdnimg.melon.co.kr/cm/album/images/020/06/957/2006957_500.jpg,https://www.melon.com/album/detail.htm?albumId=2006957
위아래,EXID,https://cdnimg.melon.co.kr/cm/album/images/023/13/635/2313635_500.jpg,https://www.melon.com/album/detail.htm?albumId=2313635
3!4!,룰라,https://cdnimg.melon.co.kr/cm/album/images/000/05/349/5349_500.jpg/me,https://www.melon.com/album/detail.htm?albumId=5349
주문-MIROTIC (Clean Ver.),동방신기 (TVXQ!),https://cdnimg.melon.co.kr/cm/album/images/003/97/972/397972_500.jpg/,https://www.melon.com/album/detail.htm?albumId=397972
오늘부터 우리는 (Me Gustas Tu),여자친구 (GFRIEND),https://cdnimg.melon.co.kr/cm/album/images/023/30/981/2330981_500.jpg,https://www.melon.com/album/detail.htm?albumId=2330981
미리 메리 크리스마스 (Feat. 천둥 Of MBLAQ),아이유,https://cdnimg.melon.co.kr/cm/album/images/010/93/562/1093562_500.jpg,https://www.melon.com/album/detail.htm?albumId=1093562
스물셋,아이유,https://cdnimg.melon.co.kr/cm/album/images/026/46/282/2646282_500.jpg,https://www.melon.com/album/detail.htm?albumId=2646282
좋은 날,아이유,https://cdnimg.melon.co.kr/cm/album/images/010/93/562/1093562_500.jpg,https://www.melon.com/album/detail.htm?albumId=1093562
너랑 나,아이유,https://cdnimg.melon.co.kr/cm/album/images/020/40/666/2040666_500.jpg,https://www.melon.com/album/detail.htm?albumId=2040666
SHAKE IT,씨스타,https://cdnimg.melon.co.kr/cm/album/images/023/25/345/2325345_500.jpg,https://www.melon.com/album/detail.htm?albumId=2325345
비행기,거북이,https://cdnimg.melon.co.kr/cm/album/images/003/22/845/322845_500.jpg/,https://www.melon.com/album/detail.htm?albumId=322845
거짓말 (Remix),BIGBANG,https://cdnimg.melon.co.kr/cm/album/images/004/05/351/405351_500.jpg/,https://www.melon.com/album/detail.htm?albumId=405351
하루 끝,아이유,https://cdnimg.melon.co.kr/cm/album/images/021/21/646/2121646_500.jpg,https://www.melon.com/album/detail.htm?albumId=2121646
음오아예 (Um Oh Ah Yeh),마마무 (Mamamoo),https://cdnimg.melon.co.kr/cm/album/images/023/24/685/2324685_500.jpg,https://www.melon.com/album/detail.htm?albumId=2324685
심쿵해 (Heart Attack),AOA,https://cdnimg.melon.co.kr/cm/album/images/023/25/321/2325321_500.jpg,https://www.melon.com/album/detail.htm?albumId=2325321
I Don't Care,2NE1,https://cdnimg.melon.co.kr/cm/album/images/005/98/055/598055_500.jpg/,https://www.melon.com/album/detail.htm?albumId=598055
FANTASTIC BABY,BIGBANG,https://cdnimg.melon.co.kr/cm/album/images/020/84/128/2084128_500.jpg,https://www.melon.com/album/detail.htm?albumId=2084128
Touch My Body,씨스타,https://cdnimg.melon.co.kr/cm/album/images/022/68/221/2268221_500.jpg,https://www.melon.com/album/detail.htm?albumId=2268221
Mr. Chu (On Stage),Apink (에이핑크),https://cdnimg.melon.co.kr/cm/album/images/022/46/854/2246854_500.jpg,https://www.melon.com/album/detail.htm?albumId=2246854
잘못된 만남,김건모,https://cdnimg.melon.co.kr/cm/album/images/000/03/707/3707_500.jpg/me,https://www.melon.com/album/detail.htm?albumId=3707
Loving U (러빙유),씨스타,https://cdnimg.melon.co.kr/cm/album/images/021/31/509/2131509_500.jpg,https://www.melon.com/album/detail.htm?albumId=2131509
8282,다비치,https://cdnimg.melon.co.kr/cm/album/images/005/08/460/508460_500.jpg/,https://www.melon.com/album/detail.htm?albumId=508460
HER,블락비 (Block B),https://cdnimg.melon.co.kr/cm/album/images/022/50/057/2250057_500.jpg,https://www.melon.com/album/detail.htm?albumId=2250057
마지막 인사 (Remix),BIGBANG,https://cdnimg.melon.co.kr/cm/album/images/004/05/351/405351_500.jpg/,https://www.melon.com/album/detail.htm?albumId=405351
Ice Cream Cake,Red Velvet (레드벨벳),https://cdnimg.melon.co.kr/cm/album/images/023/09/156/2309156_500.jpg,https://www.melon.com/album/detail.htm?albumId=2309156
분홍신,아이유,https://cdnimg.melon.co.kr/cm/album/images/022/08/448/2208448_500.jpg,https://www.melon.com/album/detail.htm?albumId=2208448
다시 만난 세계 (Into The New World),소녀시대 (GIRLS' GENERATION),https://cdnimg.melon.co.kr/cm/album/images/003/60/075/360075_500.jpg/,https://www.melon.com/album/detail.htm?albumId=360075
Dumb Dumb,Red Velvet (레드벨벳),https://cdnimg.melon.co.kr/cm/album/images/026/39/273/2639273_500.jpg,https://www.melon.com/album/detail.htm?albumId=2639273
Bus 안에서,자자 (ZAZA),https://cdnimg.melon.co.kr/cm/album/images/000/05/457/5457_500.jpg/me,https://www.melon.com/album/detail.htm?albumId=5457
순정 (純情),코요태,https://cdnimg.melon.co.kr/cm/album/images/000/04/936/4936_500.jpg/me,https://www.melon.com/album/detail.htm?albumId=4936
보여줄게,에일리(AILEE),https://cdnimg.melon.co.kr/cm/album/images/021/53/251/2153251_500.jpg,https://www.melon.com/album/detail.htm?albumId=2153251
커플,젝스키스,https://cdnimg.melon.co.kr/cm/album/images/000/05/360/5360_500.jpg/me,https://www.melon.com/album/detail.htm?albumId=5360
PARTY,소녀시대 (GIRLS' GENERATION),https://cdnimg.melon.co.kr/cm/album/images/023/35/204/2335204_500.jpg,https://www.melon.com/album/detail.htm?albumId=2335204
Gee,소녀시대 (GIRLS' GENERATION),https://cdnimg.melon.co.kr/cm/album/images/007/79/656/779656_500.jpg/,https://www.melon.com/album/detail.htm?albumId=779656
으르렁 (Growl),EXO,https://cdnimg.melon.co.kr/cm/album/images/021/95/303/2195303_500.jpg,https://www.melon.com/album/detail.htm?albumId=2195303
아틀란티스 소녀 (Atlantis Princess),보아 (BoA),https://cdnimg.melon.co.kr/cm2/album/images/000/40/234/40234_20210323,https://www.melon.com/album/detail.htm?albumId=40234
사랑과 전쟁 (Narr. 하하),다비치,https://cdnimg.melon.co.kr/cm/album/images/003/88/456/388456_500.jpg/,https://www.melon.com/album/detail.htm?albumId=388456
Candy,H.O.T.,https://cdnimg.melon.co.kr/cm/album/images/000/05/280/5280_500.jpg/me,https://www.melon.com/album/detail.htm?albumId=5280
파도,유엔,https://cdnimg.melon.co.kr/cm/album/images/000/33/475/33475_500.jpg/m,https://www.melon.com/album/detail.htm?albumId=33475
붉은 노을,BIGBANG,https://cdnimg.melon.co.kr/cm/album/images/004/05/351/405351_500.jpg/,https://www.melon.com/album/detail.htm?albumId=405351
T.T.L (Time To Love),티아라,https://cdnimg.melon.co.kr/cm/album/images/007/27/252/727252_500.jpg/,https://www.melon.com/album/detail.htm?albumId=727252
Go Away,2NE1,https://cdnimg.melon.co.kr/cm/album/images/010/17/253/1017253_500.jpg,https://www.melon.com/album/detail.htm?albumId=1017253
Bad Girl Good Girl,미쓰에이,https://cdnimg.melon.co.kr/cm/album/images/013/39/951/1339951_500.jpg,https://www.melon.com/album/detail.htm?albumId=1339951
나팔바지,싸이 (PSY),https://cdnimg.melon.co.kr/cm/album/images/026/53/861/2653861_500.jpg,https://www.melon.com/album/detail.htm?albumId=2653861
LOVE ME RIGHT,EXO,https://cdnimg.melon.co.kr/cm/album/images/023/21/827/2321827_500.jpg,https://www.melon.com/album/detail.htm?albumId=2321827
빙고 (아싸),거북이,https://cdnimg.melon.co.kr/cm/album/images/000/43/466/43466_500.jpg/m,https://www.melon.com/album/detail.htm?albumId=43466
애타는 마음,"울랄라세션, 아이유",https://cdnimg.melon.co.kr/cm/album/images/022/63/452/2263452_500.jpg,https://www.melon.com/album/detail.htm?albumId=2263452
촛불하나,god,https://cdnimg.melon.co.kr/cm/album/images/000/00/717/717_500.jpg/mel,https://www.melon.com/album/detail.htm?albumId=717
레옹,"이유 갓지(GOD G) 않은 이유 (박명수, 아이유)",https://cdnimg.melon.co.kr/cm/album/images/023/35/950/2335950_500.jpg,https://www.melon.com/album/detail.htm?albumId=2335950
So Cool (쏘쿨),씨스타,https://cdnimg.melon.co.kr/cm/album/images/020/06/957/2006957_500.jpg,https://www.melon.com/album/detail.htm?albumId=2006957
위아래,EXID,https://cdnimg.melon.co.kr/cm/album/images/023/13/635/2313635_500.jpg,https://www.melon.com/album/detail.htm?albumId=2313635
3!4!,룰라,https://cdnimg.melon.co.kr/cm/album/images/000/05/349/5349_500.jpg/me,https://www.melon.com/album/detail.htm?albumId=5349
주문-MIROTIC (Clean Ver.),동방신기 (TVXQ!),https://cdnimg.melon.co.kr/cm/album/images/003/97/972/397972_500.jpg/,https://www.melon.com/album/detail.htm?albumId=397972
OOH-AHH하게,TWICE (트와이스),https://cdnimg.melon.co.kr/cm/album/images/026/45/617/2645617_500.jpg,https://www.melon.com/album/detail.htm?albumId=2645617
오늘부터 우리는 (Me Gustas Tu),여자친구 (GFRIEND),https://cdnimg.melon.co.kr/cm/album/images/023/30/981/2330981_500.jpg,https://www.melon.com/album/detail.htm?albumId=2330981
미리 메리 크리스마스 (Feat. 천둥 Of MBLAQ),아이유,https://cdnimg.melon.co.kr/cm/album/images/010/93/562/1093562_500.jpg,https://www.melon.com/album/detail.htm?albumId=1093562
스물셋,아이유,https://cdnimg.melon.co.kr/cm/album/images/026/46/282/2646282_500.jpg,https://www.melon.com/album/detail.htm?albumId=2646282
좋은 날,아이유,https://cdnimg.melon.co.kr/cm/album/images/010/93/562/1093562_500.jpg,https://www.melon.com/album/detail.htm?albumId=1093562
너랑 나,아이유,https://cdnimg.melon.co.kr/cm/album/images/020/40/666/2040666_500.jpg,https://www.melon.com/album/detail.htm?albumId=2040666
SHAKE IT,씨스타,https://cdnimg.melon.co.kr/cm/album/images/023/25/345/2325345_500.jpg,https://www.melon.com/album/detail.htm?albumId=2325345
비행기,거북이,https://cdnimg.melon.co.kr/cm/album/images/003/22/845/322845_500.jpg/,https://www.melon.com/album/detail.htm?albumId=322845
거짓말 (Remix),BIGBANG,https://cdnimg.melon.co.kr/cm/album/images/004/05/351/405351_500.jpg/,https://www.melon.com/album/detail.htm?albumId=405351
하루 끝,아이유,https://cdnimg.melon.co.kr/cm/album/images/021/21/646/2121646_500.jpg,https://www.melon.com/album/detail.htm?albumId=2121646
음오아예 (Um Oh Ah Yeh),마마무 (Mamamoo),https://cdnimg.melon.co.kr/cm/album/images/023/24/685/2324685_500.jpg,https://www.melon.com/album/detail.htm?albumId=2324685
심쿵해 (Heart Attack),AOA,https://cdnimg.melon.co.kr/cm/album/images/023/25/321/2325321_500.jpg,https://www.melon.com/album/detail.htm?albumId=2325321
I Don't Care,2NE1,https://cdnimg.melon.co.kr/cm/album/images/005/98/055/598055_500.jpg/,https://www.melon.com/album/detail.htm?albumId=598055
FANTASTIC BABY,BIGBANG,https://cdnimg.melon.co.kr/cm/album/images/020/84/128/2084128_500.jpg,https://www.melon.com/album/detail.htm?albumId=2084128
Touch My Body,씨스타,https://cdnimg.melon.co.kr/cm/album/images/022/68/221/2268221_500.jpg,https://www.melon.com/album/detail.htm?albumId=2268221
Mr. Chu (On Stage),Apink (에이핑크),https://cdnimg.melon.co.kr/cm/album/images/022/46/854/2246854_500.jpg,https://www.melon.com/album/detail.htm?albumId=2246854
잘못된 만남,김건모,https://cdnimg.melon.co.kr/cm/album/images/000/03/707/3707_500.jpg/me,https://www.melon.com/album/detail.htm?albumId=3707
Loving U (러빙유),씨스타,https://cdnimg.melon.co.kr/cm/album/images/021/31/509/2131509_500.jpg,https://www.melon.com/album/detail.htm?albumId=2131509
8282,다비치,https://cdnimg.melon.co.kr/cm/album/images/005/08/460/508460_500.jpg/,https://www.melon.com/album/detail.htm?albumId=508460
HER,블락비 (Block B),https://cdnimg.melon.co.kr/cm/album/images/022/50/057/2250057_500.jpg,https://www.melon.com/album/detail.htm?albumId=2250057
마지막 인사 (Remix),BIGBANG,https://cdnimg.melon.co.kr/cm/album/images/004/05/351/405351_500.jpg/,https://www.melon.com/album/detail.htm?albumId=405351
Ice Cream Cake,Red Velvet (레드벨벳),https://cdnimg.melon.co.kr/cm/album/images/023/09/156/2309156_500.jpg,https://www.melon.com/album/detail.htm?albumId=2309156
분홍신,아이유,https://cdnimg.melon.co.kr/cm/album/images/022/08/448/2208448_500.jpg,https://www.melon.com/album/detail.htm?albumId=2208448
다시 만난 세계 (Into The New World),소녀시대 (GIRLS' GENERATION),https://cdnimg.melon.co.kr/cm/album/images/003/60/075/360075_500.jpg/,https://www.melon.com/album/detail.htm?albumId=360075
Dumb Dumb,Red Velvet (레드벨벳),https://cdnimg.melon.co.kr/cm/album/images/026/39/273/2639273_500.jpg,https://www.melon.com/album/detail.htm?albumId=2639273
Bus 안에서,자자 (ZAZA),https://cdnimg.melon.co.kr/cm/album/images/000/05/457/5457_500.jpg/me,https://www.melon.com/album/detail.htm?albumId=5457
순정 (純情),코요태,https://cdnimg.melon.co.kr/cm/album/images/000/04/936/4936_500.jpg/me,https://www.melon.com/album/detail.htm?albumId=4936
보여줄게,에일리(AILEE),https://cdnimg.melon.co.kr/cm/album/images/021/53/251/2153251_500.jpg,https://www.melon.com/album/detail.htm?albumId=2153251
커플,젝스키스,https://cdnimg.melon.co.kr/cm/album/images/000/05/360/5360_500.jpg/me,https://www.melon.com/album/detail.htm?albumId=5360
PARTY,소녀시대 (GIRLS' GENERATION),https://cdnimg.melon.co.kr/cm/album/images/023/35/204/2335204_500.jpg,https://www.melon.com/album/detail.htm?albumId=2335204
Gee,소녀시대 (GIRLS' GENERATION),https://cdnimg.melon.co.kr/cm/album/images/007/79/656/779656_500.jpg/,https://www.melon.com/album/detail.htm?albumId=779656
으르렁 (Growl),EXO,https://cdnimg.melon.co.kr/cm/album/images/021/95/303/2195303_500.jpg,https://www.melon.com/album/detail.htm?albumId=2195303
아틀란티스 소녀 (Atlantis Princess),보아 (BoA),https://cdnimg.melon.co.kr/cm2/album/images/000/40/234/40234_20210323,https://www.melon.com/album/detail.htm?albumId=40234
사랑과 전쟁 (Narr. 하하),다비치,https://cdnimg.melon.co.kr/cm/album/images/003/88/456/388456_500.jpg/,https://www.melon.com/album/detail.htm?albumId=388456
Candy,H.O.T.,https://cdnimg.melon.co.kr/cm/album/images/000/05/280/5280_500.jpg/me,https://www.melon.com/album/detail.htm?albumId=5280
파도,유엔,https://cdnimg.melon.co.kr/cm/album/images/000/33/475/33475_500.jpg/m,https://www.melon.com/album/detail.htm?albumId=33475
붉은 노을,BIGBANG,https://cdnimg.melon.co.kr/cm/album/images/004/05/351/405351_500.jpg/,https://www.melon.com/album/detail.htm?albumId=405351
T.T.L (Time To Love),티아라,https://cdnimg.melon.co.kr/cm/album/images/007/27/252/727252_500.jpg/,https://www.melon.com/album/detail.htm?albumId=727252
Go Away,2NE1,https://cdnimg.melon.co.kr/cm/album/images/010/17/253/1017253_500.jpg,https://www.melon.com/album/detail.htm?albumId=1017253
Bad Girl Good Girl,미쓰에이,https://cdnimg.melon.co.kr/cm/album/images/013/39/951/1339951_500.jpg,https://www.melon.com/album/detail.htm?albumId=1339951
나팔바지,싸이 (PSY),https://cdnimg.melon.co.kr/cm/album/images/026/53/861/2653861_500.jpg,https://www.melon.com/album/detail.htm?albumId=2653861
LOVE ME RIGHT,EXO,https://cdnimg.melon.co.kr/cm/album/images/023/21/827/2321827_500.jpg,https://www.melon.com/album/detail.htm?albumId=2321827
빙고 (아싸),거북이,https://cdnimg.melon.co.kr/cm/album/images/000/43/466/43466_500.jpg/m,https://www.melon.com/album/detail.htm?albumId=43466
애타는 마음,"울랄라세션, 아이유",https://cdnimg.melon.co.kr/cm/album/images/022/63/452/2263452_500.jpg,https://www.melon.com/album/detail.htm?albumId=2263452
촛불하나,god,https://cdnimg.melon.co.kr/cm/album/images/000/00/717/717_500.jpg/mel,https://www.melon.com/album/detail.htm?albumId=717
레옹,"이유 갓지(GOD G) 않은 이유 (박명수, 아이유)",https://cdnimg.melon.co.kr/cm/album/images/023/35/950/2335950_500.jpg,https://www.melon.com/album/detail.htm?albumId=2335950
So Cool (쏘쿨),씨스타,https://cdnimg.melon.co.kr/cm/album/images/020/06/957/2006957_500.jpg,https://www.melon.com/album/detail.htm?albumId=2006957
위아래,EXID,https://cdnimg.melon.co.kr/cm/album/images/023/13/635/2313635_500.jpg,https://www.melon.com/album/detail.htm?albumId=2313635
3!4!,룰라,https://cdnimg.melon.co.kr/cm/album/images/000/05/349/5349_500.jpg/me,https://www.melon.com/album/detail.htm?albumId=5349
주문-MIROTIC (Clean Ver.),동방신기 (TVXQ!),https://cdnimg.melon.co.kr/cm/album/images/003/97/972/397972_500.jpg/,https://www.melon.com/album/detail.htm?albumId=397972
OOH-AHH하게,TWICE (트와이스),https://cdnimg.melon.co.kr/cm/album/images/026/45/617/2645617_500.jpg,https://www.melon.com/album/detail.htm?albumId=2645617
오늘부터 우리는 (Me Gustas Tu),여자친구 (GFRIEND),https://cdnimg.melon.co.kr/cm/album/images/023/30/981/2330981_500.jpg,https://www.melon.com/album/detail.htm?albumId=2330981
미리 메리 크리스마스 (Feat. 천둥 Of MBLAQ),아이유,https://cdnimg.melon.co.kr/cm/album/images/010/93/562/1093562_500.jpg,https://www.melon.com/album/detail.htm?albumId=1093562
스물셋,아이유,https://cdnimg.melon.co.kr/cm/album/images/026/46/282/2646282_500.jpg,https://www.melon.com/album/detail.htm?albumId=2646282
좋은 날,아이유,https://cdnimg.melon.co.kr/cm/album/images/010/93/562/1093562_500.jpg,https://www.melon.com/album/detail.htm?albumId=1093562
너랑 나,아이유,https://cdnimg.melon.co.kr/cm/album/images/020/40/666/2040666_500.jpg,https://www.melon.com/album/detail.htm?albumId=2040666
SHAKE IT,씨스타,https://cdnimg.melon.co.kr/cm/album/images/023/25/345/2325345_500.jpg,https://www.melon.com/album/detail.htm?albumId=2325345
비행기,거북이,https://cdnimg.melon.co.kr/cm/album/images/003/22/845/322845_500.jpg/,https://www.melon.com/album/detail.htm?albumId=322845
거짓말 (Remix),BIGBANG,https://cdnimg.melon.co.kr/cm/album/images/004/05/351/405351_500.jpg/,https://www.melon.com/album/detail.htm?albumId=405351
하루 끝,아이유,https://cdnimg.melon.co.kr/cm/album/images/021/21/646/2121646_500.jpg,https://www.melon.com/album/detail.htm?albumId=2121646
음오아예 (Um Oh Ah Yeh),마마무 (Mamamoo),https://cdnimg.melon.co.kr/cm/album/images/023/24/685/2324685_500.jpg,https://www.melon.com/album/detail.htm?albumId=2324685
심쿵해 (Heart Attack),AOA,https://cdnimg.melon.co.kr/cm/album/images/023/25/321/2325321_500.jpg,https://www.melon.com/album/detail.htm?albumId=2325321
I Don't Care,2NE1,https://cdnimg.melon.co.kr/cm/album/images/005/98/055/598055_500.jpg/,https://www.melon.com/album/detail.htm?albumId=598055
FANTASTIC BABY,BIGBANG,https://cdnimg.melon.co.kr/cm/album/images/020/84/128/2084128_500.jpg,https://www.melon.com/album/detail.htm?albumId=2084128
Touch My Body,씨스타,https://cdnimg.melon.co.kr/cm/album/images/022/68/221/2268221_500.jpg,https://www.melon.com/album/detail.htm?albumId=2268221
Mr. Chu (On Stage),Apink (에이핑크),https://cdnimg.melon.co.kr/cm/album/images/022/46/854/2246854_500.jpg,https://www.melon.com/album/detail.htm?albumId=2246854
잘못된 만남,김건모,https://cdnimg.melon.co.kr/cm/album/images/000/03/707/3707_500.jpg/me,https://www.melon.com/album/detail.htm?albumId=3707
Loving U (러빙유),씨스타,https://cdnimg.melon.co.kr/cm/album/images/021/31/509/2131509_500.jpg,https://www.melon.com/album/detail.htm?albumId=2131509
8282,다비치,https://cdnimg.melon.co.kr/cm/album/images/005/08/460/508460_500.jpg/,https://www.melon.com/album/detail.htm?albumId=508460
HER,블락비 (Block B),https://cdnimg.melon.co.kr/cm/album/images/022/50/057/2250057_500.jpg,https://www.melon.com/album/detail.htm?albumId=2250057
마지막 인사 (Remix),BIGBANG,https://cdnimg.melon.co.kr/cm/album/images/004/05/351/405351_500.jpg/,https://www.melon.com/album/detail.htm?albumId=405351
Ice Cream Cake,Red Velvet (레드벨벳),https://cdnimg.melon.co.kr/cm/album/images/023/09/156/2309156_500.jpg,https://www.melon.com/album/detail.htm?albumId=2309156
분홍신,아이유,https://cdnimg.melon.co.kr/cm/album/images/022/08/448/2208448_500.jpg,https://www.melon.com/album/detail.htm?albumId=2208448
다시 만난 세계 (Into The New World),소녀시대 (GIRLS' GENERATION),https://cdnimg.melon.co.kr/cm/album/images/003/60/075/360075_500.jpg/,https://www.melon.com/album/detail.htm?albumId=360075
Dumb Dumb,Red Velvet (레드벨벳),https://cdnimg.melon.co.kr/cm/album/images/026/39/273/2639273_500.jpg,https://www.melon.com/album/detail.htm?albumId=2639273
Bus 안에서,자자 (ZAZA),https://cdnimg.melon.co.kr/cm/album/images/000/05/457/5457_500.jpg/me,https://www.melon.com/album/detail.htm?albumId=5457
순정 (純情),코요태,https://cdnimg.melon.co.kr/cm/album/images/000/04/936/4936_500.jpg/me,https://www.melon.com/album/detail.htm?albumId=4936
보여줄게,에일리(AILEE),https://cdnimg.melon.co.kr/cm/album/images/021/53/251/2153251_500.jpg,https://www.melon.com/album/detail.htm?albumId=2153251
커플,젝스키스,https://cdnimg.melon.co.kr/cm/album/images/000/05/360/5360_500.jpg/me,https://www.melon.com/album/detail.htm?albumId=5360
PARTY,소녀시대 (GIRLS' GENERATION),https://cdnimg.melon.co.kr/cm/album/images/023/35/204/2335204_500.jpg,https://www.melon.com/album/detail.htm?albumId=2335204
Gee,소녀시대 (GIRLS' GENERATION),https://cdnimg.melon.co.kr/cm/album/images/007/79/656/779656_500.jpg/,https://www.melon.com/album/detail.htm?albumId=779656
으르렁 (Growl),EXO,https://cdnimg.melon.co.kr/cm/album/images/021/95/303/2195303_500.jpg,https://www.melon.com/album/detail.htm?albumId=2195303
아틀란티스 소녀 (Atlantis Princess),보아 (BoA),https://cdnimg.melon.co.kr/cm2/album/images/000/40/234/40234_20210323,https://www.melon.com/album/detail.htm?albumId=40234
사랑과 전쟁 (Narr. 하하),다비치,https://cdnimg.melon.co.kr/cm/album/images/003/88/456/388456_500.jpg/,https://www.melon.com/album/detail.htm?albumId=388456
Candy,H.O.T.,https://cdnimg.melon.co.kr/cm/album/images/000/05/280/5280_500.jpg/me,https://www.melon.com/album/detail.htm?albumId=5280
파도,유엔,https://cdnimg.melon.co.kr/cm/album/images/000/33/475/33475_500.jpg/m,https://www.melon.com/album/detail.htm?albumId=33475
붉은 노을,BIGBANG,https://cdnimg.melon.co.kr/cm/album/images/004/05/351/405351_500.jpg/,https://www.melon.com/album/detail.htm?albumId=405351
T.T.L (Time To Love),티아라,https://cdnimg.melon.co.kr/cm/album/images/007/27/252/727252_500.jpg/,https://www.melon.com/album/detail.htm?albumId=727252
Go Away,2NE1,https://cdnimg.melon.co.kr/cm/album/images/010/17/253/1017253_500.jpg,https://www.melon.com/album/detail.htm?albumId=1017253
Bad Girl Good Girl,미쓰에이,https://cdnimg.melon.co.kr/cm/album/images/013/39/951/1339951_500.jpg,https://www.melon.com/album/detail.htm?albumId=1339951
나팔바지,싸이 (PSY),https://cdnimg.melon.co.kr/cm/album/images/026/53/861/2653861_500.jpg,https://www.melon.com/album/detail.htm?albumId=2653861
LOVE ME RIGHT,EXO,https://cdnimg.melon.co.kr/cm/album/images/023/21/827/2321827_500.jpg,https://www.melon.com/album/detail.htm?albumId=2321827
빙고 (아싸),거북이,https://cdnimg.melon.co.kr/cm/album/images/000/43/466/43466_500.jpg/m,https://www.melon.com/album/detail.htm?albumId=43466
애타는 마음,"울랄라세션, 아이유",https://cdnimg.melon.co.kr/cm/album/images/022/63/452/2263452_500.jpg,https://www.melon.com/album/detail.htm?albumId=2263452
촛불하나,god,https://cdnimg.melon.co.kr/cm/album/images/000/00/717/717_500.jpg/mel,https://www.melon.com/album/detail.htm?albumId=717
레옹,"이유 갓지(GOD G) 않은 이유 (박명수, 아이유)",https://cdnimg.melon.co.kr/cm/album/images/023/35/950/2335950_500.jpg,https://www.melon.com/album/detail.htm?albumId=2335950
So Cool (쏘쿨),씨스타,https://cdnimg.melon.co.kr/cm/album/images/020/06/957/2006957_500.jpg,https://www.melon.com/album/detail.htm?albumId=2006957
위아래,EXID,https://cdnimg.melon.co.kr/cm/album/images/023/13/635/2313635_500.jpg,https://www.melon.com/album/detail.htm?albumId=2313635
3!4!,룰라,https://cdnimg.melon.co.kr/cm/album/images/000/05/349/5349_500.jpg/me,https://www.melon.com/album/detail.htm?albumId=5349
주문-MIROTIC (Clean Ver.),동방신기 (TVXQ!),https://cdnimg.melon.co.kr/cm/album/images/003/97/972/397972_500.jpg/,https://www.melon.com/album/detail.htm?albumId=397972
오늘부터 우리는 (Me Gustas Tu),여자친구 (GFRIEND),https://cdnimg.melon.co.kr/cm/album/images/023/30/981/2330981_500.jpg,https://www.melon.com/album/detail.htm?albumId=2330981
미리 메리 크리스마스 (Feat. 천둥 Of MBLAQ),아이유,https://cdnimg.melon.co.kr/cm/album/images/010/93/562/1093562_500.jpg,https://www.melon.com/album/detail.htm?albumId=1093562
스물셋,아이유,https://cdnimg.melon.co.kr/cm/album/images/026/46/282/2646282_500.jpg,https://www.melon.com/album/detail.htm?albumId=2646282
좋은 날,아이유,https://cdnimg.melon.co.kr/cm/album/images/010/93/562/1093562_500.jpg,https://www.melon.com/album/detail.htm?albumId=1093562
너랑 나,아이유,https://cdnimg.melon.co.kr/cm/album/images/020/40/666/2040666_500.jpg,https://www.melon.com/album/detail.htm?albumId=2040666
SHAKE IT,씨스타,https://cdnimg.melon.co.kr/cm/album/images/023/25/345/2325345_500.jpg,https://www.melon.com/album/detail.htm?albumId=2325345
비행기,거북이,https://cdnimg.melon.co.kr/cm/album/images/003/22/845/322845_500.jpg/,https://www.melon.com/album/detail.htm?albumId=322845
거짓말 (Remix),BIGBANG,https://cdnimg.melon.co.kr/cm/album/images/004/05/351/405351_500.jpg/,https://www.melon.com/album/detail.htm?albumId=405351
하루 끝,아이유,https://cdnimg.melon.co.kr/cm/album/images/021/21/646/2121646_500.jpg,https://www.melon.com/album/detail.htm?albumId=2121646
음오아예 (Um Oh Ah Yeh),마마무 (Mamamoo),https://cdnimg.melon.co.kr/cm/album/images/023/24/685/2324685_500.jpg,https://www.melon.com/album/detail.htm?albumId=2324685
심쿵해 (Heart Attack),AOA,https://cdnimg.melon.co.kr/cm/album/images/023/25/321/2325321_500.jpg,https://www.melon.com/album/detail.htm?albumId=2325321
I Don't Care,2NE1,https://cdnimg.melon.co.kr/cm/album/images/005/98/055/598055_500.jpg/,https://www.melon.com/album/detail.htm?albumId=598055
FANTASTIC BABY,BIGBANG,https://cdnimg.melon.co.kr/cm/album/images/020/84/128/2084128_500.jpg,https://www.melon.com/album/detail.htm?albumId=2084128
Touch My Body,씨스타,https://cdnimg.melon.co.kr/cm/album/images/022/68/221/2268221_500.jpg,https://www.melon.com/album/detail.htm?albumId=2268221
Mr. Chu (On Stage),Apink (에이핑크),https://cdnimg.melon.co.kr/cm/album/images/022/46/854/2246854_500.jpg,https://www.melon.com/album/detail.htm?albumId=2246854
잘못된 만남,김건모,https://cdnimg.melon.co.kr/cm/album/images/000/03/707/3707_500.jpg/me,https://www.melon.com/album/detail.htm?albumId=3707
Loving U (러빙유),씨스타,https://cdnimg.melon.co.kr/cm/album/images/021/31/509/2131509_500.jpg,https://www.melon.com/album/detail.htm?albumId=2131509
8282,다비치,https://cdnimg.melon.co.kr/cm/album/images/005/08/460/508460_500.jpg/,https://www.melon.com/album/detail.htm?albumId=508460
HER,블락비 (Block B),https://cdnimg.melon.co.kr/cm/album/images/022/50/057/2250057_500.jpg,https://www.melon.com/album/detail.htm?albumId=2250057
마지막 인사 (Remix),BIGBANG,https://cdnimg.melon.co.kr/cm/album/images/004/05/351/405351_500.jpg/,https://www.melon.com/album/detail.htm?albumId=405351
Ice Cream Cake,Red Velvet (레드벨벳),https://cdnimg.melon.co.kr/cm/album/images/023/09/156/2309156_500.jpg,https://www.melon.com/album/detail.htm?albumId=2309156
분홍신,아이유,https://cdnimg.melon.co.kr/cm/album/images/022/08/448/2208448_500.jpg,https://www.melon.com/album/detail.htm?albumId=2208448
다시 만난 세계 (Into The New World),소녀시대 (GIRLS' GENERATION),https://cdnimg.melon.co.kr/cm/album/images/003/60/075/360075_500.jpg/,https://www.melon.com/album/detail.htm?albumId=360075
Dumb Dumb,Red Velvet (레드벨벳),https://cdnimg.melon.co.kr/cm/album/images/026/39/273/2639273_500.jpg,https://www.melon.com/album/detail.htm?albumId=2639273
Bus 안에서,자자 (ZAZA),https://cdnimg.melon.co.kr/cm/album/images/000/05/457/5457_500.jpg/me,https://www.melon.com/album/detail.htm?albumId=5457
순정 (純情),코요태,https://cdnimg.melon.co.kr/cm/album/images/000/04/936/4936_500.jpg/me,https://www.melon.com/album/detail.htm?albumId=4936
보여줄게,에일리(AILEE),https://cdnimg.melon.co.kr/cm/album/images/021/53/251/2153251_500.jpg,https://www.melon.com/album/detail.htm?albumId=2153251
커플,젝스키스,https://cdnimg.melon.co.kr/cm/album/images/000/05/360/5360_500.jpg/me,https://www.melon.com/album/detail.htm?albumId=5360
PARTY,소녀시대 (GIRLS' GENERATION),https://cdnimg.melon.co.kr/cm/album/images/023/35/204/2335204_500.jpg,https://www.melon.com/album/detail.htm?albumId=2335204
Gee,소녀시대 (GIRLS' GENERATION),https://cdnimg.melon.co.kr/cm/album/images/007/79/656/779656_500.jpg/,https://www.melon.com/album/detail.htm?albumId=779656
으르렁 (Growl),EXO,https://cdnimg.melon.co.kr/cm/album/images/021/95/303/2195303_500.jpg,https://www.melon.com/album/detail.htm?albumId=2195303
아틀란티스 소녀 (Atlantis Princess),보아 (BoA),https://cdnimg.melon.co.kr/cm2/album/images/000/40/234/40234_20210323,https://www.melon.com/album/detail.htm?albumId=40234
사랑과 전쟁 (Narr. 하하),다비치,https://cdnimg.melon.co.kr/cm/album/images/003/88/456/388456_500.jpg/,https://www.melon.com/album/detail.htm?albumId=388456
Candy,H.O.T.,https://cdnimg.melon.co.kr/cm/album/images/000/05/280/5280_500.jpg/me,https://www.melon.com/album/detail.htm?albumId=5280
파도,유엔,https://cdnimg.melon.co.kr/cm/album/images/000/33/475/33475_500.jpg/m,https://www.melon.com/album/detail.htm?albumId=33475
붉은 노을,BIGBANG,https://cdnimg.melon.co.kr/cm/album/images/004/05/351/405351_500.jpg/,https://www.melon.com/album/detail.htm?albumId=405351
T.T.L (Time To Love),티아라,https://cdnimg.melon.co.kr/cm/album/images/007/27/252/727252_500.jpg/,https://www.melon.com/album/detail.htm?albumId=727252
Go Away,2NE1,https://cdnimg.melon.co.kr/cm/album/images/010/17/253/1017253_500.jpg,https://www.melon.com/album/detail.htm?albumId=1017253
Bad Girl Good Girl,미쓰에이,https://cdnimg.melon.co.kr/cm/album/images/013/39/951/1339951_500.jpg,https://www.melon.com/album/detail.htm?albumId=1339951
나팔바지,싸이 (PSY),https://cdnimg.melon.co.kr/cm/album/images/026/53/861/2653861_500.jpg,https://www.melon.com/album/detail.htm?albumId=2653861
LOVE ME RIGHT,EXO,https://cdnimg.melon.co.kr/cm/album/images/023/21/827/2321827_500.jpg,https://www.melon.com/album/detail.htm?albumId=2321827
빙고 (아싸),거북이,https://cdnimg.melon.co.kr/cm/album/images/000/43/466/43466_500.jpg/m,https://www.melon.com/album/detail.htm?albumId=43466
애타는 마음,"울랄라세션, 아이유",https://cdnimg.melon.co.kr/cm/album/images/022/63/452/2263452_500.jpg,https://www.melon.com/album/detail.htm?albumId=2263452
촛불하나,god,https://cdnimg.melon.co.kr/cm/album/images/000/00/717/717_500.jpg/mel,https://www.melon.com/album/detail.htm?albumId=717
레옹,"이유 갓지(GOD G) 않은 이유 (박명수, 아이유)",https://cdnimg.melon.co.kr/cm/album/images/023/35/950/2335950_500.jpg,https://www.melon.com/album/detail.htm?albumId=2335950
So Cool (쏘쿨),씨스타,https://cdnimg.melon.co.kr/cm/album/images/020/06/957/2006957_500.jpg,https://www.melon.com/album/detail.htm?albumId=2006957
위아래,EXID,https://cdnimg.melon.co.kr/cm/album/images/023/13/635/2313635_500.jpg,https://www.melon.com/album/detail.htm?albumId=2313635
3!4!,룰라,https://cdnimg.melon.co.kr/cm/album/images/000/05/349/5349_500.jpg/me,https://www.melon.com/album/detail.htm?albumId=5349
주문-MIROTIC (Clean Ver.),동방신기 (TVXQ!),https://cdnimg.melon.co.kr/cm/album/images/003/97/972/397972_500.jpg/,https://www.melon.com/album/detail.htm?albumId=397972
OOH-AHH하게,TWICE (트와이스),https://cdnimg.melon.co.kr/cm/album/images/026/45/617/2645617_500.jpg,https://www.melon.com/album/detail.htm?albumId=2645617
오늘부터 우리는 (Me Gustas Tu),여자친구 (GFRIEND),https://cdnimg.melon.co.kr/cm/album/images/023/30/981/2330981_500.jpg,https://www.melon.com/album/detail.htm?albumId=2330981
미리 메리 크리스마스 (Feat. 천둥 Of MBLAQ),아이유,https://cdnimg.melon.co.kr/cm/album/images/010/93/562/1093562_500.jpg,https://www.melon.com/album/detail.htm?albumId=1093562
스물셋,아이유,https://cdnimg.melon.co.kr/cm/album/images/026/46/282/2646282_500.jpg,https://www.melon.com/album/detail.htm?albumId=2646282
좋은 날,아이유,https://cdnimg.melon.co.kr/cm/album/images/010/93/562/1093562_500.jpg,https://www.melon.com/album/detail.htm?albumId=1093562
너랑 나,아이유,https://cdnimg.melon.co.kr/cm/album/images/020/40/666/2040666_500.jpg,https://www.melon.com/album/detail.htm?albumId=2040666
SHAKE IT,씨스타,https://cdnimg.melon.co.kr/cm/album/images/023/25/345/2325345_500.jpg,https://www.melon.com/album/detail.htm?albumId=2325345
비행기,거북이,https://cdnimg.melon.co.kr/cm/album/images/003/22/845/322845_500.jpg/,https://www.melon.com/album/detail.htm?albumId=322845
거짓말 (Remix),BIGBANG,https://cdnimg.melon.co.kr/cm/album/images/004/05/351/405351_500.jpg/,https://www.melon.com/album/detail.htm?albumId=405351
하루 끝,아이유,https://cdnimg.melon.co.kr/cm/album/images/021/21/646/2121646_500.jpg,https://www.melon.com/album/detail.htm?albumId=2121646
음오아예 (Um Oh Ah Yeh),마마무 (Mamamoo),https://cdnimg.melon.co.kr/cm/album/images/023/24/685/2324685_500.jpg,https://www.melon.com/album/detail.htm?albumId=2324685
심쿵해 (Heart Attack),AOA,https://cdnimg.melon.co.kr/cm/album/images/023/25/321/2325321_500.jpg,https://www.melon.com/album/detail.htm?albumId=2325321
I Don't Care,2NE1,https://cdnimg.melon.co.kr/cm/album/images/005/98/055/598055_500.jpg/,https://www.melon.com/album/detail.htm?albumId=598055
FANTASTIC BABY,BIGBANG,https://cdnimg.melon.co.kr/cm/album/images/020/84/128/2084128_500.jpg,https://www.melon.com/album/detail.htm?albumId=2084128
Touch My Body,씨스타,https://cdnimg.melon.co.kr/cm/album/images/022/68/221/2268221_500.jpg,https://www.melon.com/album/detail.htm?albumId=2268221
Mr. Chu (On Stage),Apink (에이핑크),https://cdnimg.melon.co.kr/cm/album/images/022/46/854/2246854_500.jpg,https://www.melon.com/album/detail.htm?albumId=2246854
잘못된 만남,김건모,https://cdnimg.melon.co.kr/cm/album/images/000/03/707/3707_500.jpg/me,https://www.melon.com/album/detail.htm?albumId=3707
Loving U (러빙유),씨스타,https://cdnimg.melon.co.kr/cm/album/images/021/31/509/2131509_500.jpg,https://www.melon.com/album/detail.htm?albumId=2131509
8282,다비치,https://cdnimg.melon.co.kr/cm/album/images/005/08/460/508460_500.jpg/,https://www.melon.com/album/detail.htm?albumId=508460
HER,블락비 (Block B),https://cdnimg.melon.co.kr/cm/album/images/022/50/057/2250057_500.jpg,https://www.melon.com/album/detail.htm?albumId=2250057
마지막 인사 (Remix),BIGBANG,https://cdnimg.melon.co.kr/cm/album/images/004/05/351/405351_500.jpg/,https://www.melon.com/album/detail.htm?albumId=405351
Ice Cream Cake,Red Velvet (레드벨벳),https://cdnimg.melon.co.kr/cm/album/images/023/09/156/2309156_500.jpg,https://www.melon.com/album/detail.htm?albumId=2309156
분홍신,아이유,https://cdnimg.melon.co.kr/cm/album/images/022/08/448/2208448_500.jpg,https://www.melon.com/album/detail.htm?albumId=2208448
다시 만난 세계 (Into The New World),소녀시대 (GIRLS' GENERATION),https://cdnimg.melon.co.kr/cm/album/images/003/60/075/360075_500.jpg/,https://www.melon.com/album/detail.htm?albumId=360075
Dumb Dumb,Red Velvet (레드벨벳),https://cdnimg.melon.co.kr/cm/album/images/026/39/273/2639273_500.jpg,https://www.melon.com/album/detail.htm?albumId=2639273
Bus 안에서,자자 (ZAZA),https://cdnimg.melon.co.kr/cm/album/images/000/05/457/5457_500.jpg/me,https://www.melon.com/album/detail.htm?albumId=5457
순정 (純情),코요태,https://cdnimg.melon.co.kr/cm/album/images/000/04/936/4936_500.jpg/me,https://www.melon.com/album/detail.htm?albumId=4936
보여줄게,에일리(AILEE),https://cdnimg.melon.co.kr/cm/album/images/021/53/251/2153251_500.jpg,https://www.melon.com/album/detail.htm?albumId=2153251
커플,젝스키스,https://cdnimg.melon.co.kr/cm/album/images/000/05/360/5360_500.jpg/me,https://www.melon.com/album/detail.htm?albumId=5360
PARTY,소녀시대 (GIRLS' GENERATION),https://cdnimg.melon.co.kr/cm/album/images/023/35/204/2335204_500.jpg,https://www.melon.com/album/detail.htm?albumId=2335204
Gee,소녀시대 (GIRLS' GENERATION),https://cdnimg.melon.co.kr/cm/album/images/007/79/656/779656_500.jpg/,https://www.melon.com/album/detail.htm?albumId=779656
으르렁 (Growl),EXO,https://cdnimg.melon.co.kr/cm/album/images/021/95/303/2195303_500.jpg,https://www.melon.com/album/detail.htm?albumId=2195303
아틀란티스 소녀 (Atlantis Princess),보아 (BoA),https://cdnimg.melon.co.kr/cm2/album/images/000/40/234/40234_20210323,https://www.melon.com/album/detail.htm?albumId=40234
사랑과 전쟁 (Narr. 하하),다비치,https://cdnimg.melon.co.kr/cm/album/images/003/88/456/388456_500.jpg/,https://www.melon.com/album/detail.htm?albumId=388456
Candy,H.O.T.,https://cdnimg.melon.co.kr/cm/album/images/000/05/280/5280_500.jpg/me,https://www.melon.com/album/detail.htm?albumId=5280
파도,유엔,https://cdnimg.melon.co.kr/cm/album/images/000/33/475/33475_500.jpg/m,https://www.melon.com/album/detail.htm?albumId=33475
붉은 노을,BIGBANG,https://cdnimg.melon.co.kr/cm/album/images/004/05/351/405351_500.jpg/,https://www.melon.com/album/detail.htm?albumId=405351
T.T.L (Time To Love),티아라,https://cdnimg.melon.co.kr/cm/album/images/007/27/252/727252_500.jpg/,https://www.melon.com/album/detail.htm?albumId=727252
Go Away,2NE1,https://cdnimg.melon.co.kr/cm/album/images/010/17/253/1017253_500.jpg,https://www.melon.com/album/detail.htm?albumId=1017253
Bad Girl Good Girl,미쓰에이,https://cdnimg.melon.co.kr/cm/album/images/013/39/951/1339951_500.jpg,https://www.melon.com/album/detail.htm?albumId=1339951
나팔바지,싸이 (PSY),https://cdnimg.melon.co.kr/cm/album/images/026/53/861/2653861_500.jpg,https://www.melon.com/album/detail.htm?albumId=2653861
LOVE ME RIGHT,EXO,https://cdnimg.melon.co.kr/cm/album/images/023/21/827/2321827_500.jpg,https://www.melon.com/album/detail.htm?albumId=2321827
빙고 (아싸),거북이,https://cdnimg.melon.co.kr/cm/album/images/000/43/466/43466_500.jpg/m,https://www.melon.com/album/detail.htm?albumId=43466
애타는 마음,"울랄라세션, 아이유",https://cdnimg.melon.co.kr/cm/album/images/022/63/452/2263452_500.jpg,https://www.melon.com/album/detail.htm?albumId=2263452
촛불하나,god,https://cdnimg.melon.co.kr/cm/album/images/000/00/717/717_500.jpg/mel,https://www.melon.com/album/detail.htm?albumId=717
레옹,"이유 갓지(GOD G) 않은 이유 (박명수, 아이유)",https://cdnimg.melon.co.kr/cm/album/images/023/35/950/2335950_500.jpg,https://www.melon.com/album/detail.htm?albumId=2335950
So Cool (쏘쿨),씨스타,https://cdnimg.melon.co.kr/cm/album/images/020/06/957/2006957_500.jpg,https://www.melon.com/album/detail.htm?albumId=2006957
위아래,EXID,https://cdnimg.melon.co.kr/cm/album/images/023/13/635/2313635_500.jpg,https://www.melon.com/album/detail.htm?albumId=2313635
3!4!,룰라,https://cdnimg.melon.co.kr/cm/album/images/000/05/349/5349_500.jpg/me,https://www.melon.com/album/detail.htm?albumId=5349
주문-MIROTIC (Clean Ver.),동방신기 (TVXQ!),https://cdnimg.melon.co.kr/cm/album/images/003/97/972/397972_500.jpg/,https://www.melon.com/album/detail.htm?albumId=397972
OOH-AHH하게,TWICE (트와이스),https://cdnimg.melon.co.kr/cm/album/images/026/45/617/2645617_500.jpg,https://www.melon.com/album/detail.htm?albumId=2645617
오늘부터 우리는 (Me Gustas Tu),여자친구 (GFRIEND),https://cdnimg.melon.co.kr/cm/album/images/023/30/981/2330981_500.jpg,https://www.melon.com/album/detail.htm?albumId=2330981
미리 메리 크리스마스 (Feat. 천둥 Of MBLAQ),아이유,https://cdnimg.melon.co.kr/cm/album/images/010/93/562/1093562_500.jpg,https://www.melon.com/album/detail.htm?albumId=1093562
스물셋,아이유,https://cdnimg.melon.co.kr/cm/album/images/026/46/282/2646282_500.jpg,https://www.melon.com/album/detail.htm?albumId=2646282
좋은 날,아이유,https://cdnimg.melon.co.kr/cm/album/images/010/93/562/1093562_500.jpg,https://www.melon.com/album/detail.htm?albumId=1093562
너랑 나,아이유,https://cdnimg.melon.co.kr/cm/album/images/020/40/666/2040666_500.jpg,https://www.melon.com/album/detail.htm?albumId=2040666
SHAKE IT,씨스타,https://cdnimg.melon.co.kr/cm/album/images/023/25/345/2325345_500.jpg,https://www.melon.com/album/detail.htm?albumId=2325345
비행기,거북이,https://cdnimg.melon.co.kr/cm/album/images/003/22/845/322845_500.jpg/,https://www.melon.com/album/detail.htm?albumId=322845
거짓말 (Remix),BIGBANG,https://cdnimg.melon.co.kr/cm/album/images/004/05/351/405351_500.jpg/,https://www.melon.com/album/detail.htm?albumId=405351
하루 끝,아이유,https://cdnimg.melon.co.kr/cm/album/images/021/21/646/2121646_500.jpg,https://www.melon.com/album/detail.htm?albumId=2121646
음오아예 (Um Oh Ah Yeh),마마무 (Mamamoo),https://cdnimg.melon.co.kr/cm/album/images/023/24/685/2324685_500.jpg,https://www.melon.com/album/detail.htm?albumId=2324685
심쿵해 (Heart Attack),AOA,https://cdnimg.melon.co.kr/cm/album/images/023/25/321/2325321_500.jpg,https://www.melon.com/album/detail.htm?albumId=2325321
I Don't Care,2NE1,https://cdnimg.melon.co.kr/cm/album/images/005/98/055/598055_500.jpg/,https://www.melon.com/album/detail.htm?albumId=598055
FANTASTIC BABY,BIGBANG,https://cdnimg.melon.co.kr/cm/album/images/020/84/128/2084128_500.jpg,https://www.melon.com/album/detail.htm?albumId=2084128
Touch My Body,씨스타,https://cdnimg.melon.co.kr/cm/album/images/022/68/221/2268221_500.jpg,https://www.melon.com/album/detail.htm?albumId=2268221
Mr. Chu (On Stage),Apink (에이핑크),https://cdnimg.melon.co.kr/cm/album/images/022/46/854/2246854_500.jpg,https://www.melon.com/album/detail.htm?albumId=2246854
잘못된 만남,김건모,https://cdnimg.melon.co.kr/cm/album/images/000/03/707/3707_500.jpg/me,https://www.melon.com/album/detail.htm?albumId=3707
Loving U (러빙유),씨스타,https://cdnimg.melon.co.kr/cm/album/images/021/31/509/2131509_500.jpg,https://www.melon.com/album/detail.htm?albumId=2131509
8282,다비치,https://cdnimg.melon.co.kr/cm/album/images/005/08/460/508460_500.jpg/,https://www.melon.com/album/detail.htm?albumId=508460
HER,블락비 (Block B),https://cdnimg.melon.co.kr/cm/album/images/022/50/057/2250057_500.jpg,https://www.melon.com/album/detail.htm?albumId=2250057
마지막 인사 (Remix),BIGBANG,https://cdnimg.melon.co.kr/cm/album/images/004/05/351/405351_500.jpg/,https://www.melon.com/album/detail.htm?albumId=405351
Ice Cream Cake,Red Velvet (레드벨벳),https://cdnimg.melon.co.kr/cm/album/images/023/09/156/2309156_500.jpg,https://www.melon.com/album/detail.htm?albumId=2309156
분홍신,아이유,https://cdnimg.melon.co.kr/cm/album/images/022/08/448/2208448_500.jpg,https://www.melon.com/album/detail.htm?albumId=2208448
다시 만난 세계 (Into The New World),소녀시대 (GIRLS' GENERATION),https://cdnimg.melon.co.kr/cm/album/images/003/60/075/360075_500.jpg/,https://www.melon.com/album/detail.htm?albumId=360075
Dumb Dumb,Red Velvet (레드벨벳),https://cdnimg.melon.co.kr/cm/album/images/026/39/273/2639273_500.jpg,https://www.melon.com/album/detail.htm?albumId=2639273
Bus 안에서,자자 (ZAZA),https://cdnimg.melon.co.kr/cm/album/images/000/05/457/5457_500.jpg/me,https://www.melon.com/album/detail.htm?albumId=5457
순정 (純情),코요태,https://cdnimg.melon.co.kr/cm/album/images/000/04/936/4936_500.jpg/me,https://www.melon.com/album/detail.htm?albumId=4936
보여줄게,에일리(AILEE),https://cdnimg.melon.co.kr/cm/album/images/021/53/251/2153251_500.jpg,https://www.melon.com/album/detail.htm?albumId=2153251
커플,젝스키스,https://cdnimg.melon.co.kr/cm/album/images/000/05/360/5360_500.jpg/me,https://www.melon.com/album/detail.htm?albumId=5360
PARTY,소녀시대 (GIRLS' GENERATION),https://cdnimg.melon.co.kr/cm/album/images/023/35/204/2335204_500.jpg,https://www.melon.com/album/detail.htm?albumId=2335204
Gee,소녀시대 (GIRLS' GENERATION),https://cdnimg.melon.co.kr/cm/album/images/007/79/656/779656_500.jpg/,https://www.melon.com/album/detail.htm?albumId=779656
으르렁 (Growl),EXO,https://cdnimg.melon.co.kr/cm/album/images/021/95/303/2195303_500.jpg,https://www.melon.com/album/detail.htm?albumId=2195303
아틀란티스 소녀 (Atlantis Princess),보아 (BoA),https://cdnimg.melon.co.kr/cm2/album/images/000/40/234/40234_20210323,https://www.melon.com/album/detail.htm?albumId=40234
사랑과 전쟁 (Narr. 하하),다비치,https://cdnimg.melon.co.kr/cm/album/images/003/88/456/388456_500.jpg/,https://www.melon.com/album/detail.htm?albumId=388456
Candy,H.O.T.,https://cdnimg.melon.co.kr/cm/album/images/000/05/280/5280_500.jpg/me,https://www.melon.com/album/detail.htm?albumId=5280
파도,유엔,https://cdnimg.melon.co.kr/cm/album/images/000/33/475/33475_500.jpg/m,https://www.melon.com/album/detail.htm?albumId=33475
붉은 노을,BIGBANG,https://cdnimg.melon.co.kr/cm/album/images/004/05/351/405351_500.jpg/,https://www.melon.com/album/detail.htm?albumId=405351
T.T.L (Time To Love),티아라,https://cdnimg.melon.co.kr/cm/album/images/007/27/252/727252_500.jpg/,https://www.melon.com/album/detail.htm?albumId=727252
Go Away,2NE1,https://cdnimg.melon.co.kr/cm/album/images/010/17/253/1017253_500.jpg,https://www.melon.com/album/detail.htm?albumId=1017253
Bad Girl Good Girl,미쓰에이,https://cdnimg.melon.co.kr/cm/album/images/013/39/951/1339951_500.jpg,https://www.melon.com/album/detail.htm?albumId=1339951
나팔바지,싸이 (PSY),https://cdnimg.melon.co.kr/cm/album/images/026/53/861/2653861_500.jpg,https://www.melon.com/album/detail.htm?albumId=2653861
LOVE ME RIGHT,EXO,https://cdnimg.melon.co.kr/cm/album/images/023/21/827/2321827_500.jpg,https://www.melon.com/album/detail.htm?albumId=2321827
빙고 (아싸),거북이,https://cdnimg.melon.co.kr/cm/album/images/000/43/466/43466_500.jpg/m,https://www.melon.com/album/detail.htm?albumId=43466
애타는 마음,"울랄라세션, 아이유",https://cdnimg.melon.co.kr/cm/album/images/022/63/452/2263452_500.jpg,https://www.melon.com/album/detail.htm?albumId=2263452
촛불하나,god,https://cdnimg.melon.co.kr/cm/album/images/000/00/717/717_500.jpg/mel,https://www.melon.com/album/detail.htm?albumId=717
레옹,"이유 갓지(GOD G) 않은 이유 (박명수, 아이유)",https://cdnimg.melon.co.kr/cm/album/images/023/35/950/2335950_500.jpg,https://www.melon.com/album/detail.htm?albumId=2335950
So Cool (쏘쿨),씨스타,https://cdnimg.melon.co.kr/cm/album/images/020/06/957/2006957_500.jpg,https://www.melon.com/album/detail.htm?albumId=2006957
위아래,EXID,https://cdnimg.melon.co.kr/cm/album/images/023/13/635/2313635_500.jpg,https://www.melon.com/album/detail.htm?albumId=2313635
3!4!,룰라,https://cdnimg.melon.co.kr/cm/album/images/000/05/349/5349_500.jpg/me,https://www.melon.com/album/detail.htm?albumId=5349
주문-MIROTIC (Clean Ver.),동방신기 (TVXQ!),https://cdnimg.melon.co.kr/cm/album/images/003/97/972/397972_500.jpg/,https://www.melon.com/album/detail.htm?albumId=397972
OOH-AHH하게,TWICE (트와이스),https://cdnimg.melon.co.kr/cm/album/images/026/45/617/2645617_500.jpg,https://www.melon.com/album/detail.htm?albumId=2645617
오늘부터 우리는 (Me Gustas Tu),여자친구 (GFRIEND),https://cdnimg.melon.co.kr/cm/album/images/023/30/981/2330981_500.jpg,https://www.melon.com/album/detail.htm?albumId=2330981
미리 메리 크리스마스 (Feat. 천둥 Of MBLAQ),아이유,https://cdnimg.melon.co.kr/cm/album/images/010/93/562/1093562_500.jpg,https://www.melon.com/album/detail.htm?albumId=1093562
스물셋,아이유,https://cdnimg.melon.co.kr/cm/album/images/026/46/282/2646282_500.jpg,https://www.melon.com/album/detail.htm?albumId=2646282
좋은 날,아이유,https://cdnimg.melon.co.kr/cm/album/images/010/93/562/1093562_500.jpg,https://www.melon.com/album/detail.htm?albumId=1093562
너랑 나,아이유,https://cdnimg.melon.co.kr/cm/album/images/020/40/666/2040666_500.jpg,https://www.melon.com/album/detail.htm?albumId=2040666
SHAKE IT,씨스타,https://cdnimg.melon.co.kr/cm/album/images/023/25/345/2325345_500.jpg,https://www.melon.com/album/detail.htm?albumId=2325345
비행기,거북이,https://cdnimg.melon.co.kr/cm/album/images/003/22/845/322845_500.jpg/,https://www.melon.com/album/detail.htm?albumId=322845
거짓말 (Remix),BIGBANG,https://cdnimg.melon.co.kr/cm/album/images/004/05/351/405351_500.jpg/,https://www.melon.com/album/detail.htm?albumId=405351
하루 끝,아이유,https://cdnimg.melon.co.kr/cm/album/images/021/21/646/2121646_500.jpg,https://www.melon.com/album/detail.htm?albumId=2121646
음오아예 (Um Oh Ah Yeh),마마무 (Mamamoo),https://cdnimg.melon.co.kr/cm/album/images/023/24/685/2324685_500.jpg,https://www.melon.com/album/detail.htm?albumId=2324685
심쿵해 (Heart Attack),AOA,https://cdnimg.melon.co.kr/cm/album/images/023/25/321/2325321_500.jpg,https://www.melon.com/album/detail.htm?albumId=2325321
I Don't Care,2NE1,https://cdnimg.melon.co.kr/cm/album/images/005/98/055/598055_500.jpg/,https://www.melon.com/album/detail.htm?albumId=598055
FANTASTIC BABY,BIGBANG,https://cdnimg.melon.co.kr/cm/album/images/020/84/128/2084128_500.jpg,https://www.melon.com/album/detail.htm?albumId=2084128
Touch My Body,씨스타,https://cdnimg.melon.co.kr/cm/album/images/022/68/221/2268221_500.jpg,https://www.melon.com/album/detail.htm?albumId=2268221
Mr. Chu (On Stage),Apink (에이핑크),https://cdnimg.melon.co.kr/cm/album/images/022/46/854/2246854_500.jpg,https://www.melon.com/album/detail.htm?albumId=2246854
잘못된 만남,김건모,https://cdnimg.melon.co.kr/cm/album/images/000/03/707/3707_500.jpg/me,https://www.melon.com/album/detail.htm?albumId=3707
Loving U (러빙유),씨스타,https://cdnimg.melon.co.kr/cm/album/images/021/31/509/2131509_500.jpg,https://www.melon.com/album/detail.htm?albumId=2131509
8282,다비치,https://cdnimg.melon.co.kr/cm/album/images/005/08/460/508460_500.jpg/,https://www.melon.com/album/detail.htm?albumId=508460
HER,블락비 (Block B),https://cdnimg.melon.co.kr/cm/album/images/022/50/057/2250057_500.jpg,https://www.melon.com/album/detail.htm?albumId=2250057
마지막 인사 (Remix),BIGBANG,https://cdnimg.melon.co.kr/cm/album/images/004/05/351/405351_500.jpg/,https://www.melon.com/album/detail.htm?albumId=405351
Ice Cream Cake,Red Velvet (레드벨벳),https://cdnimg.melon.co.kr/cm/album/images/023/09/156/2309156_500.jpg,https://www.melon.com/album/detail.htm?albumId=2309156
분홍신,아이유,https://cdnimg.melon.co.kr/cm/album/images/022/08/448/2208448_500.jpg,https://www.melon.com/album/detail.htm?albumId=2208448
다시 만난 세계 (Into The New World),소녀시대 (GIRLS' GENERATION),https://cdnimg.melon.co.kr/cm/album/images/003/60/075/360075_500.jpg/,https://www.melon.com/album/detail.htm?albumId=360075
Dumb Dumb,Red Velvet (레드벨벳),https://cdnimg.melon.co.kr/cm/album/images/026/39/273/2639273_500.jpg,https://www.melon.com/album/detail.htm?albumId=2639273
Bus 안에서,자자 (ZAZA),https://cdnimg.melon.co.kr/cm/album/images/000/05/457/5457_500.jpg/me,https://www.melon.com/album/detail.htm?albumId=5457
순정 (純情),코요태,https://cdnimg.melon.co.kr/cm/album/images/000/04/936/4936_500.jpg/me,https://www.melon.com/album/detail.htm?albumId=4936
보여줄게,에일리(AILEE),https://cdnimg.melon.co.kr/cm/album/images/021/53/251/2153251_500.jpg,https://www.melon.com/album/detail.htm?albumId=2153251
커플,젝스키스,https://cdnimg.melon.co.kr/cm/album/images/000/05/360/5360_500.jpg/me,https://www.melon.com/album/detail.htm?albumId=5360
PARTY,소녀시대 (GIRLS' GENERATION),https://cdnimg.melon.co.kr/cm/album/images/023/35/204/2335204_500.jpg,https://www.melon.com/album/detail.htm?albumId=2335204
Gee,소녀시대 (GIRLS' GENERATION),https://cdnimg.melon.co.kr/cm/album/images/007/79/656/779656_500.jpg/,https://www.melon.com/album/detail.htm?albumId=779656
으르렁 (Growl),EXO,https://cdnimg.melon.co.kr/cm/album/images/021/95/303/2195303_500.jpg,https://www.melon.com/album/detail.htm?albumId=2195303
아틀란티스 소녀 (Atlantis Princess),보아 (BoA),https://cdnimg.melon.co.kr/cm2/album/images/000/40/234/40234_20210323,https://www.melon.com/album/detail.htm?albumId=40234
사랑과 전쟁 (Narr. 하하),다비치,https://cdnimg.melon.co.kr/cm/album/images/003/88/456/388456_500.jpg/,https://www.melon.com/album/detail.htm?albumId=388456
Candy,H.O.T.,https://cdnimg.melon.co.kr/cm/album/images/000/05/280/5280_500.jpg/me,https://www.melon.com/album/detail.htm?albumId=5280
파도,유엔,https://cdnimg.melon.co.kr/cm/album/images/000/33/475/33475_500.jpg/m,https://www.melon.com/album/detail.htm?albumId=33475
붉은 노을,BIGBANG,https://cdnimg.melon.co.kr/cm/album/images/004/05/351/405351_500.jpg/,https://www.melon.com/album/detail.htm?albumId=405351
T.T.L (Time To Love),티아라,https://cdnimg.melon.co.kr/cm/album/images/007/27/252/727252_500.jpg/,https://www.melon.com/album/detail.htm?albumId=727252
Go Away,2NE1,https://cdnimg.melon.co.kr/cm/album/images/010/17/253/1017253_500.jpg,https://www.melon.com/album/detail.htm?albumId=1017253
Bad Girl Good Girl,미쓰에이,https://cdnimg.melon.co.kr/cm/album/images/013/39/951/1339951_500.jpg,https://www.melon.com/album/detail.htm?albumId=1339951
나팔바지,싸이 (PSY),https://cdnimg.melon.co.kr/cm/album/images/026/53/861/2653861_500.jpg,https://www.melon.com/album/detail.htm?albumId=2653861
LOVE ME RIGHT,EXO,https://cdnimg.melon.co.kr/cm/album/images/023/21/827/2321827_500.jpg,https://www.melon.com/album/detail.htm?albumId=2321827
빙고 (아싸),거북이,https://cdnimg.melon.co.kr/cm/album/images/000/43/466/43466_500.jpg/m,https://www.melon.com/album/detail.htm?albumId=43466
애타는 마음,"울랄라세션, 아이유",https://cdnimg.melon.co.kr/cm/album/images/022/63/452/2263452_500.jpg,https://www.melon.com/album/detail.htm?albumId=2263452
촛불하나,god,https://cdnimg.melon.co.kr/cm/album/images/000/00/717/717_500.jpg/mel,https://www.melon.com/album/detail.htm?albumId=717
레옹,"이유 갓지(GOD G) 않은 이유 (박명수, 아이유)",https://cdnimg.melon.co.kr/cm/album/images/023/35/950/2335950_500.jpg,https://www.melon.com/album/detail.htm?albumId=2335950
So Cool (쏘쿨),씨스타,https://cdnimg.melon.co.kr/cm/album/images/020/06/957/2006957_500.jpg,https://www.melon.com/album/detail.htm?albumId=2006957
위아래,EXID,https://cdnimg.melon.co.kr/cm/album/images/023/13/635/2313635_500.jpg,https://www.melon.com/album/detail.htm?albumId=2313635
3!4!,룰라,https://cdnimg.melon.co.kr/cm/album/images/000/05/349/5349_500.jpg/me,https://www.melon.com/album/detail.htm?albumId=5349
주문-MIROTIC (Clean Ver.),동방신기 (TVXQ!),https://cdnimg.melon.co.kr/cm/album/images/003/97/972/397972_500.jpg/,https://www.melon.com/album/detail.htm?albumId=397972
